f1_name,f2_name,f1_str,f2_str,f1_tds,f2_tds,f1_subs,f2_subs,f1_pass,f2_pass,weight_class,method,finisher,round_num,time,user_agent
"
              Israel Adesanya
            ","
              Robert Whittaker
            ",40,32,0,0,0,0,0,0,"
        Middleweight","
        
        

        KO/TKO

      ","
        Punch
      ","

        2
      ","

        
        3:33
      ",Scrapy/1.6.0 (+https://scrapy.org)
"
              Dan Hooker
            ","
              Al Iaquinta
            ",98,37,0,0,0,0,2,0,"
        Lightweight","
        
        

        U-DEC

      ","
        
      ","

        3
      ","

        
        5:00
      ",Scrapy/1.6.0 (+https://scrapy.org)
"
              Serghei Spivac
            ","
              Tai Tuivasa
            ",23,21,6,0,1,0,6,0,"
        Heavyweight","
        
        

        SUB

      ","
        Arm Triangle
      ","

        2
      ","

        
        3:14
      ",Scrapy/1.6.0 (+https://scrapy.org)
"
              Dhiego Lima
            ","
              Luke Jumeau
            ",32,24,2,0,0,0,0,0,"
        Welterweight","
        
        

        S-DEC

      ","
        
      ","

        3
      ","

        
        5:00
      ",Scrapy/1.6.0 (+https://scrapy.org)
"
              Yorgan De Castro
            ","
              Justin Tafa
            ",4,6,0,0,0,0,0,0,"
        Heavyweight","
        
        

        KO/TKO

      ","
        Punch
      ","

        1
      ","

        
        2:10
      ",Scrapy/1.6.0 (+https://scrapy.org)
"
              Jake Matthews
            ","
              Rostem Akman
            ",59,15,0,0,0,0,0,0,"
        Welterweight","
        
        

        U-DEC

      ","
        
      ","

        3
      ","

        
        5:00
      ",Scrapy/1.6.0 (+https://scrapy.org)
"
              Callan Potter
            ","
              Maki Pitolo
            ",48,60,3,0,0,1,4,1,"
        Welterweight","
        
        

        U-DEC

      ","
        
      ","

        3
      ","

        
        5:00
      ",Scrapy/1.6.0 (+https://scrapy.org)
"
              Joanna Jedrzejczyk
            ","
              Michelle Waterson
            ",180,58,3,1,1,1,0,1,"
        Women's Strawweight","
        
        

        U-DEC

      ","
        
      ","

        5
      ","

        
        5:00
      ",Scrapy/1.6.0 (+https://scrapy.org)
"
              Cub Swanson
            ","
              Kron Gracie
            ",135,86,0,0,0,0,0,0,"
        Featherweight","
        
        

        U-DEC

      ","
        
      ","

        3
      ","

        
        5:00
      ",Scrapy/1.6.0 (+https://scrapy.org)
"
              Niko Price
            ","
              James Vick
            ",11,9,0,0,0,0,1,0,"
        Welterweight","
        
        

        KO/TKO

      ","
        Kick
      ","

        1
      ","

        
        1:44
      ",Scrapy/1.6.0 (+https://scrapy.org)
"
              Amanda Ribas
            ","
              Mackenzie Dern
            ",74,20,2,0,0,0,0,0,"
        Women's Strawweight","
        
        

        U-DEC

      ","
        
      ","

        3
      ","

        
        5:00
      ",Scrapy/1.6.0 (+https://scrapy.org)
"
              Brad Riddell
            ","
              Jamie Mullarkey
            ",91,36,1,3,0,1,5,2,"
        Lightweight","
        
        

        U-DEC

      ","
        
      ","

        3
      ","

        
        5:00
      ",Scrapy/1.6.0 (+https://scrapy.org)
"
              Megan Anderson
            ","
              Zarah Fairn
            ",10,2,1,0,1,0,2,0,"
        Women's Featherweight","
        
        

        SUB

      ","
        Triangle Choke
      ","

        1
      ","

        
        3:57
      ",Scrapy/1.6.0 (+https://scrapy.org)
"
              Ji Yeon Kim
            ","
              Nadia Kassem
            ",80,45,0,1,0,0,0,0,"
        Women's Flyweight","
        
        

        KO/TKO

      ","
        Punch
      ","

        2
      ","

        
        4:59
      ",Scrapy/1.6.0 (+https://scrapy.org)
"
              Khalid Taha
            ","
              Bruno Silva
            ",38,20,0,2,1,0,1,1,"
        Bantamweight","
        
        

        SUB

      ","
        Arm Triangle
      ","

        3
      ","

        
        3:00
      ",Scrapy/1.6.0 (+https://scrapy.org)
"
              Dominick Reyes
            ","
              Chris Weidman
            ",8,3,0,1,0,0,0,0,"
        Light Heavyweight","
        
        

        KO/TKO

      ","
        Punches
      ","

        1
      ","

        
        1:43
      ",Scrapy/1.6.0 (+https://scrapy.org)
"
              Yair Rodriguez
            ","
              Jeremy Stephens
            ",96,50,0,3,0,0,0,1,"
        Featherweight","
        
        

        U-DEC

      ","
        
      ","

        3
      ","

        
        5:00
      ",Scrapy/1.6.0 (+https://scrapy.org)
"
              Matt Frevola
            ","
              Luis Pena
            ",48,51,4,1,0,2,1,1,"
        Lightweight","
        
        

        S-DEC

      ","
        
      ","

        3
      ","

        
        5:00
      ",Scrapy/1.6.0 (+https://scrapy.org)
"
              Eryk Anders
            ","
              Gerald Meerschaert
            ",64,72,0,0,0,0,0,0,"
        Middleweight","
        
        

        S-DEC

      ","
        
      ","

        3
      ","

        
        5:00
      ",Scrapy/1.6.0 (+https://scrapy.org)
"
              Ryan Spann
            ","
              Devin Clark
            ",17,17,0,2,1,0,0,0,"
        Light Heavyweight","
        
        

        SUB

      ","
        Guillotine Choke
      ","

        2
      ","

        
        2:01
      ",Scrapy/1.6.0 (+https://scrapy.org)
"
              Mike Davis
            ","
              Thomas Gifford
            ",139,88,2,0,0,0,1,0,"
        Lightweight","
        
        

        KO/TKO

      ","
        Punch
      ","

        3
      ","

        
        4:45
      ",Scrapy/1.6.0 (+https://scrapy.org)
"
              Alex Morono
            ","
              Max Griffin
            ",81,75,0,4,0,0,0,1,"
        Welterweight","
        
        

        U-DEC

      ","
        
      ","

        3
      ","

        
        5:00
      ",Scrapy/1.6.0 (+https://scrapy.org)
"
              Deiveson Figueiredo
            ","
              Tim Elliott
            ",8,26,0,1,1,0,0,0,"
        Flyweight","
        
        

        SUB

      ","
        Guillotine Choke
      ","

        1
      ","

        
        3:08
      ",Scrapy/1.6.0 (+https://scrapy.org)
"
              Marlon Vera
            ","
              Andre Ewell
            ",80,50,0,0,2,0,0,0,"
        Bantamweight","
        
        

        KO/TKO

      ","
        Elbows
      ","

        3
      ","

        
        3:17
      ",Scrapy/1.6.0 (+https://scrapy.org)
"
              Miguel Baeza
            ","
              Hector Aldana
            ",35,8,1,0,0,0,0,0,"
        Welterweight","
        
        

        KO/TKO

      ","
        Kick
      ","

        2
      ","

        
        2:32
      ",Scrapy/1.6.0 (+https://scrapy.org)
"
              Marvin Vettori
            ","
              Andrew Sanchez
            ",85,39,0,0,0,0,0,0,"
        Middleweight","
        
        

        U-DEC

      ","
        
      ","

        3
      ","

        
        5:00
      ",Scrapy/1.6.0 (+https://scrapy.org)
"
              Demian Maia
            ","
              Ben Askren
            ",69,63,0,4,1,0,4,1,"
        Welterweight","
        
        

        SUB

      ","
        Rear Naked Choke
      ","

        3
      ","

        
        3:54
      ",Scrapy/1.6.0 (+https://scrapy.org)
"
              Stevie Ray
            ","
              Michael Johnson
            ",85,78,1,0,0,0,1,0,"
        Lightweight","
        
        

        M-DEC

      ","
        
      ","

        3
      ","

        
        5:00
      ",Scrapy/1.6.0 (+https://scrapy.org)
"
              Beneil Dariush
            ","
              Frank Camacho
            ",13,3,2,0,1,0,1,0,"
        Lightweight","
        
        

        SUB

      ","
        Rear Naked Choke
      ","

        1
      ","

        
        2:02
      ",Scrapy/1.6.0 (+https://scrapy.org)
"
              Ciryl Gane
            ","
              Don'Tale Mayes
            ",94,32,3,0,1,0,1,0,"
        Heavyweight","
        
        

        SUB

      ","
        Heel Hook
      ","

        3
      ","

        
        4:46
      ",Scrapy/1.6.0 (+https://scrapy.org)
"
              Muslim Salikhov
            ","
              Laureano Staropoli
            ",63,42,3,0,0,0,0,0,"
        Welterweight","
        
        

        U-DEC

      ","
        
      ","

        3
      ","

        
        5:00
      ",Scrapy/1.6.0 (+https://scrapy.org)
"
              Jorge Masvidal
            ","
              Nate Diaz
            ",112,43,1,0,0,0,0,0,"
        Welterweight","
        
        

        KO/TKO

      ","
        
      ","

        3
      ","

        
        5:00
      ",Scrapy/1.6.0 (+https://scrapy.org)
"
              Darren Till
            ","
              Kelvin Gastelum
            ",36,40,1,1,0,0,0,0,"
        Middleweight","
        
        

        S-DEC

      ","
        
      ","

        3
      ","

        
        5:00
      ",Scrapy/1.6.0 (+https://scrapy.org)
"
              Stephen Thompson
            ","
              Vicente Luque
            ",138,77,0,0,0,0,0,0,"
        Welterweight","
        
        

        U-DEC

      ","
        
      ","

        3
      ","

        
        5:00
      ",Scrapy/1.6.0 (+https://scrapy.org)
"
              Derrick Lewis
            ","
              Blagoy Ivanov
            ",31,20,1,3,0,1,1,3,"
        Heavyweight","
        
        

        S-DEC

      ","
        
      ","

        3
      ","

        
        5:00
      ",Scrapy/1.6.0 (+https://scrapy.org)
"
              Kevin Lee
            ","
              Gregor Gillespie
            ",21,9,0,0,0,0,0,0,"
        Lightweight","
        
        

        KO/TKO

      ","
        Kick
      ","

        1
      ","

        
        2:47
      ",Scrapy/1.6.0 (+https://scrapy.org)
"
              Corey Anderson
            ","
              Johnny Walker
            ",22,1,1,0,0,0,0,0,"
        Light Heavyweight","
        
        

        KO/TKO

      ","
        Punches
      ","

        1
      ","

        
        2:07
      ",Scrapy/1.6.0 (+https://scrapy.org)
"
              Shane Burgos
            ","
              Makwan Amirkhani
            ",105,22,0,3,0,1,1,0,"
        Featherweight","
        
        

        KO/TKO

      ","
        Punch
      ","

        3
      ","

        
        4:32
      ",Scrapy/1.6.0 (+https://scrapy.org)
"
              Edmen Shahbazyan
            ","
              Brad Tavares
            ",14,3,0,0,0,0,0,0,"
        Middleweight","
        
        

        KO/TKO

      ","
        Kick
      ","

        1
      ","

        
        2:27
      ",Scrapy/1.6.0 (+https://scrapy.org)
"
              Jairzinho Rozenstruik
            ","
              Andrei Arlovski
            ",5,4,0,0,0,0,0,0,"
        Heavyweight","
        
        

        KO/TKO

      ","
        Punch
      ","

        1
      ","

        
        0:29
      ",Scrapy/1.6.0 (+https://scrapy.org)
"
              Zabit Magomedsharipov
            ","
              Calvin Kattar
            ",96,80,1,0,0,0,0,0,"
        Featherweight","
        
        

        U-DEC

      ","
        
      ","

        3
      ","

        
        5:00
      ",Scrapy/1.6.0 (+https://scrapy.org)
"
              Alexander Volkov
            ","
              Greg Hardy
            ",86,46,0,0,0,0,0,0,"
        Heavyweight","
        
        

        U-DEC

      ","
        
      ","

        3
      ","

        
        5:00
      ",Scrapy/1.6.0 (+https://scrapy.org)
"
              Danny Roberts
            ","
              Zelim Imadaev
            ",37,28,1,1,0,0,0,1,"
        Welterweight","
        
        

        KO/TKO

      ","
        Punch
      ","

        2
      ","

        
        4:54
      ",Scrapy/1.6.0 (+https://scrapy.org)
"
              Ed Herman
            ","
              Khadis Ibragimov
            ",81,53,0,2,0,0,0,1,"
        Light Heavyweight","
        
        

        U-DEC

      ","
        
      ","

        3
      ","

        
        5:00
      ",Scrapy/1.6.0 (+https://scrapy.org)
"
              Anthony Rocco Martin
            ","
              Ramazan Emeev
            ",41,30,0,0,2,0,0,0,"
        Welterweight","
        
        

        U-DEC

      ","
        
      ","

        3
      ","

        
        5:00
      ",Scrapy/1.6.0 (+https://scrapy.org)
"
              Shamil Gamzatov
            ","
              Klidson Abreu
            ",64,32,0,1,0,0,0,0,"
        Light Heavyweight","
        
        

        S-DEC

      ","
        
      ","

        3
      ","

        
        5:00
      ",Scrapy/1.6.0 (+https://scrapy.org)
"
              Magomed Ankalaev
            ","
              Dalcha Lungiambula
            ",44,6,1,0,0,0,1,0,"
        Light Heavyweight","
        
        

        KO/TKO

      ","
        Kick
      ","

        3
      ","

        
        0:29
      ",Scrapy/1.6.0 (+https://scrapy.org)
"
              Rustam Khabilov
            ","
              Sergey Khandozhko
            ",12,25,4,0,0,0,1,0,"
        Welterweight","
        
        

        U-DEC

      ","
        
      ","

        3
      ","

        
        5:00
      ",Scrapy/1.6.0 (+https://scrapy.org)
"
              Jan Blachowicz
            ","
              Jacare Souza
            ",71,20,0,0,0,0,0,0,"
        Light Heavyweight","
        
        

        S-DEC

      ","
        
      ","

        5
      ","

        
        5:00
      ",Scrapy/1.6.0 (+https://scrapy.org)
"
              Mauricio Rua
            ","
              Paul Craig
            ",25,51,1,1,0,1,1,1,"
        Light Heavyweight","
        
        

        S-DEC

      ","
        
      ","

        3
      ","

        
        5:00
      ",Scrapy/1.6.0 (+https://scrapy.org)
"
              Charles Oliveira
            ","
              Jared Gordon
            ",10,7,0,0,0,0,0,0,"
        Lightweight","
        
        

        KO/TKO

      ","
        Punch
      ","

        1
      ","

        
        1:26
      ",Scrapy/1.6.0 (+https://scrapy.org)
"
              Andre Muniz
            ","
              Antonio Arroyo
            ",22,29,3,1,2,0,2,0,"
        Middleweight","
        
        

        U-DEC

      ","
        
      ","

        3
      ","

        
        5:00
      ",Scrapy/1.6.0 (+https://scrapy.org)
"
              Jairzinho Rozenstruik
            ","
              Alistair Overeem
            ",89,74,0,2,0,0,0,3,"
        Heavyweight","
        
        

        KO/TKO

      ","
        Punch
      ","

        5
      ","

        
        4:56
      ",Scrapy/1.6.0 (+https://scrapy.org)
"
              Marina Rodriguez
            ","
              Cynthia Calvillo
            ",56,78,0,3,0,0,0,7,"
        Women's Strawweight","
        
        

        M-DEC

      ","
        
      ","

        3
      ","

        
        5:00
      ",Scrapy/1.6.0 (+https://scrapy.org)
"
              Ben Rothwell
            ","
              Stefan Struve
            ",58,53,0,0,0,0,0,0,"
        Heavyweight","
        
        

        KO/TKO

      ","
        Punches
      ","

        2
      ","

        
        4:57
      ",Scrapy/1.6.0 (+https://scrapy.org)
"
              Aspen Ladd
            ","
              Yana Kunitskaya
            ",47,47,2,0,0,0,3,0,"
        Women's Bantamweight","
        
        

        KO/TKO

      ","
        Punches
      ","

        3
      ","

        
        0:33
      ",Scrapy/1.6.0 (+https://scrapy.org)
"
              Cody Stamann
            ","
              Song Yadong
            ",41,30,5,0,0,0,6,0,"
        Bantamweight","
        
        

        M-DEC

      ","
        
      ","

        3
      ","

        
        5:00
      ",Scrapy/1.6.0 (+https://scrapy.org)
"
              Rob Font
            ","
              Ricky Simon
            ",90,59,1,6,0,0,0,3,"
        Bantamweight","
        
        

        U-DEC

      ","
        
      ","

        3
      ","

        
        5:00
      ",Scrapy/1.6.0 (+https://scrapy.org)
"
              Tim Means
            ","
              Thiago Alves
            ",23,13,0,0,1,0,0,0,"
        Welterweight","
        
        

        SUB

      ","
        Guillotine Choke
      ","

        1
      ","

        
        2:38
      ",Scrapy/1.6.0 (+https://scrapy.org)
"
              Kamaru Usman
            ","
              Colby Covington
            ",175,143,0,0,0,0,0,0,"
        Welterweight","
        
        

        KO/TKO

      ","
        Punch
      ","

        5
      ","

        
        4:10
      ",Scrapy/1.6.0 (+https://scrapy.org)
"
              Alexander Volkanovski
            ","
              Max Holloway
            ",157,134,0,0,0,0,0,0,"
        Featherweight","
        
        

        U-DEC

      ","
        
      ","

        5
      ","

        
        5:00
      ",Scrapy/1.6.0 (+https://scrapy.org)
"
              Amanda Nunes
            ","
              Germaine de Randamie
            ",79,40,8,0,2,1,5,0,"
        Women's Bantamweight","
        
        

        U-DEC

      ","
        
      ","

        5
      ","

        
        5:00
      ",Scrapy/1.6.0 (+https://scrapy.org)
"
              Marlon Moraes
            ","
              Jose Aldo
            ",59,58,1,0,0,0,1,0,"
        Bantamweight","
        
        

        S-DEC

      ","
        
      ","

        3
      ","

        
        5:00
      ",Scrapy/1.6.0 (+https://scrapy.org)
"
              Petr Yan
            ","
              Urijah Faber
            ",54,18,2,0,0,0,1,0,"
        Bantamweight","
        
        

        KO/TKO

      ","
        Kick
      ","

        3
      ","

        
        0:43
      ",Scrapy/1.6.0 (+https://scrapy.org)
"
              Geoff Neal
            ","
              Mike Perry
            ",15,5,0,0,0,0,0,0,"
        Welterweight","
        
        

        KO/TKO

      ","
        Punches
      ","

        1
      ","

        
        1:30
      ",Scrapy/1.6.0 (+https://scrapy.org)
"
              Chan Sung Jung
            ","
              Frankie Edgar
            ",46,9,0,0,0,0,1,0,"
        Featherweight","
        
        

        KO/TKO

      ","
        Punches
      ","

        1
      ","

        
        3:18
      ",Scrapy/1.6.0 (+https://scrapy.org)
"
              Volkan Oezdemir
            ","
              Aleksandar Rakic
            ",63,75,0,1,0,1,0,0,"
        Light Heavyweight","
        
        

        S-DEC

      ","
        
      ","

        3
      ","

        
        5:00
      ",Scrapy/1.6.0 (+https://scrapy.org)
"
              Charles Jourdain
            ","
              Dooho Choi
            ",64,42,0,0,0,0,0,0,"
        Featherweight","
        
        

        KO/TKO

      ","
        Punches
      ","

        2
      ","

        
        4:32
      ",Scrapy/1.6.0 (+https://scrapy.org)
"
              Da-Un Jung
            ","
              Mike Rodriguez
            ",5,4,0,0,0,0,0,0,"
        Light Heavyweight","
        
        

        KO/TKO

      ","
        Punch
      ","

        1
      ","

        
        1:04
      ",Scrapy/1.6.0 (+https://scrapy.org)
"
              Junyong Park
            ","
              Marc-Andre Barriault
            ",77,51,5,0,0,0,0,0,"
        Middleweight","
        
        

        U-DEC

      ","
        
      ","

        3
      ","

        
        5:00
      ",Scrapy/1.6.0 (+https://scrapy.org)
"
              Kyung Ho Kang
            ","
              Liu Pingyuan
            ",20,25,3,0,0,0,2,0,"
        Bantamweight","
        
        

        S-DEC

      ","
        
      ","

        3
      ","

        
        5:00
      ",Scrapy/1.6.0 (+https://scrapy.org)
"
              Conor McGregor
            ","
              Donald Cerrone
            ",19,0,0,0,0,0,0,0,"
        Welterweight","
        
        

        KO/TKO

      ","
        Punches
      ","

        1
      ","

        
        0:40
      ",Scrapy/1.6.0 (+https://scrapy.org)
"
              Holly Holm
            ","
              Raquel Pennington
            ",30,38,0,1,0,0,0,0,"
        Women's Bantamweight","
        
        

        U-DEC

      ","
        
      ","

        3
      ","

        
        5:00
      ",Scrapy/1.6.0 (+https://scrapy.org)
"
              Aleksei Oleinik
            ","
              Maurice Greene
            ",7,13,3,0,3,0,4,0,"
        Heavyweight","
        
        

        SUB

      ","
        Armbar
      ","

        2
      ","

        
        4:38
      ",Scrapy/1.6.0 (+https://scrapy.org)
"
              Brian Kelleher
            ","
              Ode Osbourne
            ",7,9,1,0,1,0,1,0,"
        Bantamweight","
        
        

        SUB

      ","
        Guillotine Choke
      ","

        1
      ","

        
        2:49
      ",Scrapy/1.6.0 (+https://scrapy.org)
"
              Diego Ferreira
            ","
              Anthony Pettis
            ",25,22,3,0,1,0,4,0,"
        Lightweight","
        
        

        SUB

      ","
        Rear Naked Choke
      ","

        2
      ","

        
        1:46
      ",Scrapy/1.6.0 (+https://scrapy.org)
"
              Roxanne Modafferi
            ","
              Maycee Barber
            ",19,16,1,0,0,1,10,1,"
        Women's Flyweight","
        
        

        U-DEC

      ","
        
      ","

        3
      ","

        
        5:00
      ",Scrapy/1.6.0 (+https://scrapy.org)
"
              Sodiq Yusuff
            ","
              Andre Fili
            ",73,49,0,3,1,0,5,0,"
        Featherweight","
        
        

        U-DEC

      ","
        
      ","

        3
      ","

        
        5:00
      ",Scrapy/1.6.0 (+https://scrapy.org)
"
              Askar Askarov
            ","
              Tim Elliott
            ",73,47,0,3,0,0,2,1,"
        Flyweight","
        
        

        U-DEC

      ","
        
      ","

        3
      ","

        
        5:00
      ",Scrapy/1.6.0 (+https://scrapy.org)
"
              Drew Dober
            ","
              Nasrat Haqparast
            ",13,7,0,0,0,0,1,0,"
        Lightweight","
        
        

        KO/TKO

      ","
        Punch
      ","

        1
      ","

        
        1:10
      ",Scrapy/1.6.0 (+https://scrapy.org)
"
              Greg Hardy
            ","
              Ben Sosoli
            ",54,26,0,0,0,0,0,0,"
        Heavyweight","
        
        

        Overturned

      ","
        
      ","

        3
      ","

        
        5:00
      ",Scrapy/1.6.0 (+https://scrapy.org)
"
              Joe Lauzon
            ","
              Jonathan Pearce
            ",25,8,1,0,0,0,2,0,"
        Lightweight","
        
        

        KO/TKO

      ","
        Punches
      ","

        1
      ","

        
        1:33
      ",Scrapy/1.6.0 (+https://scrapy.org)
"
              Maycee Barber
            ","
              Gillian Robertson
            ",34,12,0,0,0,0,0,0,"
        Women's Flyweight","
        
        

        KO/TKO

      ","
        Punches
      ","

        1
      ","

        
        3:04
      ",Scrapy/1.6.0 (+https://scrapy.org)
"
              Darren Stewart
            ","
              Deron Winn
            ",57,29,1,6,0,0,0,1,"
        Middleweight","
        
        

        S-DEC

      ","
        
      ","

        3
      ","

        
        5:00
      ",Scrapy/1.6.0 (+https://scrapy.org)
"
              Charles Rosa
            ","
              Manny Bermudez
            ",6,27,0,1,1,0,0,1,"
        Featherweight","
        
        

        SUB

      ","
        Armbar
      ","

        1
      ","

        
        2:46
      ",Scrapy/1.6.0 (+https://scrapy.org)
"
              Molly McCann
            ","
              Diana Belbita
            ",113,98,5,1,1,0,5,0,"
        Women's Flyweight","
        
        

        U-DEC

      ","
        
      ","

        3
      ","

        
        5:00
      ",Scrapy/1.6.0 (+https://scrapy.org)
"
              Sean Woodson
            ","
              Kyle Bochniak
            ",111,42,0,1,0,0,0,0,"
        Featherweight","
        
        

        U-DEC

      ","
        
      ","

        3
      ","

        
        5:00
      ",Scrapy/1.6.0 (+https://scrapy.org)
"
              Randy Costa
            ","
              Boston Salmon
            ",22,12,0,0,0,0,0,0,"
        Bantamweight","
        
        

        KO/TKO

      ","
        Punch
      ","

        1
      ","

        
        2:15
      ",Scrapy/1.6.0 (+https://scrapy.org)
"
              Sean Brady
            ","
              Court McGee
            ",119,107,2,0,0,0,0,0,"
        Welterweight","
        
        

        U-DEC

      ","
        
      ","

        3
      ","

        
        5:00
      ",Scrapy/1.6.0 (+https://scrapy.org)
"
              Brendan Allen
            ","
              Kevin Holland
            ",10,22,2,1,4,1,5,2,"
        Middleweight","
        
        

        SUB

      ","
        Rear Naked Choke
      ","

        2
      ","

        
        3:38
      ",Scrapy/1.6.0 (+https://scrapy.org)
"
              Tanner Boser
            ","
              Daniel Spitz
            ",93,32,0,0,0,0,0,0,"
        Heavyweight","
        
        

        U-DEC

      ","
        
      ","

        3
      ","

        
        5:00
      ",Scrapy/1.6.0 (+https://scrapy.org)
"
              Curtis Blaydes
            ","
              Junior Dos Santos
            ",28,7,0,0,0,0,0,0,"
        Heavyweight","
        
        

        KO/TKO

      ","
        Punches
      ","

        2
      ","

        
        1:06
      ",Scrapy/1.6.0 (+https://scrapy.org)
"
              Michael Chiesa
            ","
              Rafael Dos Anjos
            ",9,14,6,0,0,0,3,0,"
        Welterweight","
        
        

        U-DEC

      ","
        
      ","

        3
      ","

        
        5:00
      ",Scrapy/1.6.0 (+https://scrapy.org)
"
              Alex Perez
            ","
              Jordan Espinosa
            ",2,2,1,0,1,0,1,0,"
        Flyweight","
        
        

        SUB

      ","
        Arm Triangle
      ","

        1
      ","

        
        2:33
      ",Scrapy/1.6.0 (+https://scrapy.org)
"
              Angela Hill
            ","
              Hannah Cifers
            ",70,46,1,0,0,0,2,0,"
        Women's Strawweight","
        
        

        KO/TKO

      ","
        Elbows
      ","

        2
      ","

        
        4:26
      ",Scrapy/1.6.0 (+https://scrapy.org)
"
              Jamahal Hill
            ","
              Darko Stosic
            ",101,31,0,6,0,0,0,4,"
        Light Heavyweight","
        
        

        U-DEC

      ","
        
      ","

        3
      ","

        
        5:00
      ",Scrapy/1.6.0 (+https://scrapy.org)
"
              Bevon Lewis
            ","
              Dequan Townsend
            ",36,28,0,0,0,0,0,0,"
        Middleweight","
        
        

        U-DEC

      ","
        
      ","

        3
      ","

        
        5:00
      ",Scrapy/1.6.0 (+https://scrapy.org)
"
              Arnold Allen
            ","
              Nik Lentz
            ",63,49,0,0,0,0,0,0,"
        Featherweight","
        
        

        U-DEC

      ","
        
      ","

        3
      ","

        
        5:00
      ",Scrapy/1.6.0 (+https://scrapy.org)
"
              Justine Kish
            ","
              Lucie Pudilova
            ",62,29,1,0,0,0,1,0,"
        Women's Flyweight","
        
        

        U-DEC

      ","
        
      ","

        3
      ","

        
        5:00
      ",Scrapy/1.6.0 (+https://scrapy.org)
"
              Jon Jones
            ","
              Dominick Reyes
            ",104,116,2,0,0,0,0,0,"
        Light Heavyweight","
        
        

        U-DEC

      ","
        
      ","

        5
      ","

        
        5:00
      ",Scrapy/1.6.0 (+https://scrapy.org)
"
              Valentina Shevchenko
            ","
              Katlyn Chookagian
            ",40,17,3,0,0,0,2,0,"
        Women's Flyweight","
        
        

        KO/TKO

      ","
        Punches
      ","

        3
      ","

        
        1:03
      ",Scrapy/1.6.0 (+https://scrapy.org)
"
              Justin Tafa
            ","
              Juan Adams
            ",10,7,0,0,0,0,0,0,"
        Heavyweight","
        
        

        KO/TKO

      ","
        Punch
      ","

        1
      ","

        
        1:59
      ",Scrapy/1.6.0 (+https://scrapy.org)
"
              Dan Ige
            ","
              Mirsad Bektic
            ",43,17,1,3,0,1,1,6,"
        Featherweight","
        
        

        S-DEC

      ","
        
      ","

        3
      ","

        
        5:00
      ",Scrapy/1.6.0 (+https://scrapy.org)
"
              Derrick Lewis
            ","
              Ilir Latifi
            ",20,5,0,3,0,0,0,2,"
        Heavyweight","
        
        

        U-DEC

      ","
        
      ","

        3
      ","

        
        5:00
      ",Scrapy/1.6.0 (+https://scrapy.org)
"
              Trevin Giles
            ","
              James Krause
            ",71,44,0,1,1,4,3,1,"
        Middleweight","
        
        

        S-DEC

      ","
        
      ","

        3
      ","

        
        5:00
      ",Scrapy/1.6.0 (+https://scrapy.org)
"
              Lauren Murphy
            ","
              Andrea Lee
            ",80,104,2,0,0,1,1,0,"
        Women's Flyweight","
        
        

        S-DEC

      ","
        
      ","

        3
      ","

        
        5:00
      ",Scrapy/1.6.0 (+https://scrapy.org)
"
              Khaos Williams
            ","
              Alex Morono
            ",10,1,0,0,0,0,0,0,"
        Welterweight","
        
        

        KO/TKO

      ","
        Punch
      ","

        1
      ","

        
        0:27
      ",Scrapy/1.6.0 (+https://scrapy.org)
"
              Mario Bautista
            ","
              Miles Johns
            ",18,13,0,0,0,0,0,0,"
        Bantamweight","
        
        

        KO/TKO

      ","
        Flying Knee
      ","

        2
      ","

        
        1:41
      ",Scrapy/1.6.0 (+https://scrapy.org)
"
              Jan Blachowicz
            ","
              Corey Anderson
            ",13,11,0,0,0,0,0,0,"
        Light Heavyweight","
        
        

        KO/TKO

      ","
        Punch
      ","

        1
      ","

        
        3:08
      ",Scrapy/1.6.0 (+https://scrapy.org)
"
              Diego Sanchez
            ","
              Michel Pereira
            ",25,53,0,2,0,0,0,0,"
        Welterweight","
        
        

        DQ

      ","
        
      ","

        3
      ","

        
        3:09
      ",Scrapy/1.6.0 (+https://scrapy.org)
"
              Montana De La Rosa
            ","
              Mara Romero Borella
            ",27,23,1,1,1,0,6,0,"
        Women's Flyweight","
        
        

        U-DEC

      ","
        
      ","

        3
      ","

        
        5:00
      ",Scrapy/1.6.0 (+https://scrapy.org)
"
              Brok Weaver
            ","
              Kazula Vargas
            ",5,15,0,1,1,0,0,0,"
        Lightweight","
        
        

        DQ

      ","
        
      ","

        1
      ","

        
        4:02
      ",Scrapy/1.6.0 (+https://scrapy.org)
"
              Ray Borg
            ","
              Rogerio Bontorin
            ",35,9,10,0,0,0,6,0,"
        Flyweight","
        
        

        U-DEC

      ","
        
      ","

        3
      ","

        
        5:00
      ",Scrapy/1.6.0 (+https://scrapy.org)
"
              Lando Vannata
            ","
              Yancy Medeiros
            ",99,68,0,0,0,0,0,0,"
        Lightweight","
        
        

        U-DEC

      ","
        
      ","

        3
      ","

        
        5:00
      ",Scrapy/1.6.0 (+https://scrapy.org)
"
              Daniel Rodriguez
            ","
              Tim Means
            ",49,41,0,1,1,0,0,0,"
        Welterweight","
        
        

        SUB

      ","
        Guillotine Choke
      ","

        2
      ","

        
        3:37
      ",Scrapy/1.6.0 (+https://scrapy.org)
"
              John Dodson
            ","
              Nathaniel Wood
            ",39,46,0,1,0,0,0,0,"
        Bantamweight","
        
        

        KO/TKO

      ","
        Punch
      ","

        3
      ","

        
        0:16
      ",Scrapy/1.6.0 (+https://scrapy.org)
"
              JJ Aldrich
            ","
              Lauren Mueller
            ",74,54,1,1,0,0,1,0,"
        Women's Flyweight","
        
        

        U-DEC

      ","
        
      ","

        3
      ","

        
        5:00
      ",Scrapy/1.6.0 (+https://scrapy.org)
"
              Dan Hooker
            ","
              Paul Felder
            ",122,110,1,0,0,0,1,0,"
        Lightweight","
        
        

        S-DEC

      ","
        
      ","

        5
      ","

        
        5:00
      ",Scrapy/1.6.0 (+https://scrapy.org)
"
              Jimmy Crute
            ","
              Michal Oleksiejczuk
            ",2,3,8,0,1,0,4,0,"
        Light Heavyweight","
        
        

        SUB

      ","
        Kimura
      ","

        1
      ","

        
        3:29
      ",Scrapy/1.6.0 (+https://scrapy.org)
"
              Xiaonan Yan
            ","
              Karolina Kowalkiewicz
            ",93,38,5,0,0,1,3,0,"
        Women's Strawweight","
        
        

        U-DEC

      ","
        
      ","

        3
      ","

        
        5:00
      ",Scrapy/1.6.0 (+https://scrapy.org)
"
              Marcos Rogerio de Lima
            ","
              Ben Sosoli
            ",19,5,0,0,0,0,0,0,"
        Heavyweight","
        
        

        KO/TKO

      ","
        Punch
      ","

        1
      ","

        
        1:28
      ",Scrapy/1.6.0 (+https://scrapy.org)
"
              Brad Riddell
            ","
              Magomed Mustafaev
            ",38,28,1,8,0,0,2,0,"
        Lightweight","
        
        

        S-DEC

      ","
        
      ","

        3
      ","

        
        5:00
      ",Scrapy/1.6.0 (+https://scrapy.org)
"
              Zubaira Tukhugov
            ","
              Kevin Aguilar
            ",28,9,0,0,0,0,0,0,"
        Featherweight","
        
        

        KO/TKO

      ","
        Punches
      ","

        1
      ","

        
        3:21
      ",Scrapy/1.6.0 (+https://scrapy.org)
"
              Deiveson Figueiredo
            ","
              Joseph Benavidez
            ",25,46,1,0,1,0,0,0,"
        Flyweight","
        
        

        KO/TKO

      ","
        Punch
      ","

        2
      ","

        
        1:54
      ",Scrapy/1.6.0 (+https://scrapy.org)
"
              Felicia Spencer
            ","
              Zarah Fairn
            ",40,13,1,0,0,0,2,0,"
        Women's Featherweight","
        
        

        KO/TKO

      ","
        Punches
      ","

        1
      ","

        
        3:37
      ",Scrapy/1.6.0 (+https://scrapy.org)
"
              Magomed Ankalaev
            ","
              Ion Cutelaba
            ",8,5,0,0,0,0,0,0,"
        Light Heavyweight","
        
        

        KO/TKO

      ","
        Punches
      ","

        1
      ","

        
        0:38
      ",Scrapy/1.6.0 (+https://scrapy.org)
"
              Megan Anderson
            ","
              Norma Dumont
            ",7,5,0,1,0,0,0,0,"
        Women's Featherweight","
        
        

        KO/TKO

      ","
        Punch
      ","

        1
      ","

        
        3:31
      ",Scrapy/1.6.0 (+https://scrapy.org)
"
              Grant Dawson
            ","
              Darrick Minner
            ",15,4,2,1,2,2,6,0,"
        Featherweight","
        
        

        SUB

      ","
        Rear Naked Choke
      ","

        2
      ","

        
        1:38
      ",Scrapy/1.6.0 (+https://scrapy.org)
"
              Kyler Phillips
            ","
              Gabriel Silva
            ",89,31,2,2,1,1,4,0,"
        Bantamweight","
        
        

        U-DEC

      ","
        
      ","

        3
      ","

        
        5:00
      ",Scrapy/1.6.0 (+https://scrapy.org)
"
              Brendan Allen
            ","
              Tom Breese
            ",20,4,0,0,0,0,2,0,"
        Middleweight","
        
        

        KO/TKO

      ","
        Punches
      ","

        1
      ","

        
        4:47
      ",Scrapy/1.6.0 (+https://scrapy.org)
"
              Marcin Tybura
            ","
              Serghei Spivac
            ",43,26,2,0,0,0,3,0,"
        Heavyweight","
        
        

        U-DEC

      ","
        
      ","

        3
      ","

        
        5:00
      ",Scrapy/1.6.0 (+https://scrapy.org)
"
              Israel Adesanya
            ","
              Yoel Romero
            ",48,40,0,0,0,0,0,0,"
        Middleweight","
        
        

        U-DEC

      ","
        
      ","

        5
      ","

        
        5:00
      ",Scrapy/1.6.0 (+https://scrapy.org)
"
              Weili Zhang
            ","
              Joanna Jedrzejczyk
            ",165,186,1,0,0,0,0,0,"
        Women's Strawweight","
        
        

        S-DEC

      ","
        
      ","

        5
      ","

        
        5:00
      ",Scrapy/1.6.0 (+https://scrapy.org)
"
              Beneil Dariush
            ","
              Drakkar Klose
            ",12,15,1,0,2,0,1,0,"
        Lightweight","
        
        

        KO/TKO

      ","
        Punch
      ","

        2
      ","

        
        1:00
      ",Scrapy/1.6.0 (+https://scrapy.org)
"
              Neil Magny
            ","
              Jingliang Li
            ",74,16,4,2,0,0,2,0,"
        Welterweight","
        
        

        U-DEC

      ","
        
      ","

        3
      ","

        
        5:00
      ",Scrapy/1.6.0 (+https://scrapy.org)
"
              Alex Oliveira
            ","
              Max Griffin
            ",40,23,1,2,0,0,2,2,"
        Welterweight","
        
        

        S-DEC

      ","
        
      ","

        3
      ","

        
        5:00
      ",Scrapy/1.6.0 (+https://scrapy.org)
"
              Sean O'Malley
            ","
              Jose Quinonez
            ",18,0,0,0,0,0,0,0,"
        Bantamweight","
        
        

        KO/TKO

      ","
        Punches
      ","

        1
      ","

        
        2:02
      ",Scrapy/1.6.0 (+https://scrapy.org)
"
              Mark Madsen
            ","
              Austin Hubbard
            ",15,41,8,0,0,0,3,0,"
        Lightweight","
        
        

        U-DEC

      ","
        
      ","

        3
      ","

        
        5:00
      ",Scrapy/1.6.0 (+https://scrapy.org)
"
              Rodolfo Vieira
            ","
              Saparbeg Safarov
            ",5,5,2,0,1,0,2,0,"
        Middleweight","
        
        

        SUB

      ","
        Arm Triangle
      ","

        1
      ","

        
        2:58
      ",Scrapy/1.6.0 (+https://scrapy.org)
"
              Charles Oliveira
            ","
              Kevin Lee
            ",43,41,0,2,2,0,0,2,"
        Lightweight","
        
        

        SUB

      ","
        Guillotine Choke
      ","

        3
      ","

        
        0:28
      ",Scrapy/1.6.0 (+https://scrapy.org)
"
              Gilbert Burns
            ","
              Demian Maia
            ",13,4,0,2,0,0,0,1,"
        Welterweight","
        
        

        KO/TKO

      ","
        Punch
      ","

        1
      ","

        
        2:34
      ",Scrapy/1.6.0 (+https://scrapy.org)
"
              Renato Moicano
            ","
              Damir Hadzovic
            ",1,1,1,0,1,0,1,0,"
        Lightweight","
        
        

        SUB

      ","
        Rear Naked Choke
      ","

        1
      ","

        
        0:44
      ",Scrapy/1.6.0 (+https://scrapy.org)
"
              Nikita Krylov
            ","
              Johnny Walker
            ",45,37,3,0,0,0,4,2,"
        Light Heavyweight","
        
        

        U-DEC

      ","
        
      ","

        3
      ","

        
        5:00
      ",Scrapy/1.6.0 (+https://scrapy.org)
"
              Francisco Trinaldo
            ","
              John Makdessi
            ",55,67,0,0,0,0,0,0,"
        Lightweight","
        
        

        U-DEC

      ","
        
      ","

        3
      ","

        
        5:00
      ",Scrapy/1.6.0 (+https://scrapy.org)
"
              Brandon Moreno
            ","
              Jussier Formiga
            ",33,15,0,1,0,1,1,3,"
        Flyweight","
        
        

        U-DEC

      ","
        
      ","

        3
      ","

        
        5:00
      ",Scrapy/1.6.0 (+https://scrapy.org)
"
              Randa Markos
            ","
              Ashley Yoder
            ",78,44,0,2,0,0,1,3,"
        Women's Strawweight","
        
        

        S-DEC

      ","
        
      ","

        3
      ","

        
        5:00
      ",Scrapy/1.6.0 (+https://scrapy.org)
"
              Rafael Fiziev
            ","
              Alex White
            ",66,55,1,0,0,0,0,0,"
        Lightweight","
        
        

        U-DEC

      ","
        
      ","

        3
      ","

        
        5:00
      ",Scrapy/1.6.0 (+https://scrapy.org)
"
              Movsar Evloev
            ","
              Enrique Barzola
            ",71,78,4,1,0,0,0,1,"
        Featherweight","
        
        

        U-DEC

      ","
        
      ","

        3
      ","

        
        5:00
      ",Scrapy/1.6.0 (+https://scrapy.org)
"
              Sergei Pavlovich
            ","
              Maurice Greene
            ",20,8,0,0,0,0,0,0,"
        Heavyweight","
        
        

        KO/TKO

      ","
        Punches
      ","

        1
      ","

        
        2:11
      ",Scrapy/1.6.0 (+https://scrapy.org)
"
              Loma Lookboonmee
            ","
              Alexandra Albu
            ",99,65,1,1,0,0,0,0,"
        Women's Strawweight","
        
        

        S-DEC

      ","
        
      ","

        3
      ","

        
        5:00
      ",Scrapy/1.6.0 (+https://scrapy.org)
"
              Raphael Pessoa
            ","
              Jeff Hughes
            ",39,34,0,0,0,0,0,0,"
        Heavyweight","
        
        

        U-DEC

      ","
        
      ","

        3
      ","

        
        5:00
      ",Scrapy/1.6.0 (+https://scrapy.org)
"
              Katlyn Chookagian
            ","
              Jennifer Maia
            ",73,58,0,1,0,0,0,1,"
        Women's Flyweight","
        
        

        U-DEC

      ","
        
      ","

        3
      ","

        
        5:00
      ",Scrapy/1.6.0 (+https://scrapy.org)
"
              Lyman Good
            ","
              Chance Rencountre
            ",68,23,0,0,0,0,0,0,"
        Welterweight","
        
        

        KO/TKO

      ","
        Punch
      ","

        3
      ","

        
        2:03
      ",Scrapy/1.6.0 (+https://scrapy.org)
"
              Hakeem Dawodu
            ","
              Julio Arce
            ",55,32,0,1,0,0,0,2,"
        Featherweight","
        
        

        S-DEC

      ","
        
      ","

        3
      ","

        
        5:00
      ",Scrapy/1.6.0 (+https://scrapy.org)
"
              Stipe Miocic
            ","
              Daniel Cormier
            ",123,181,1,1,0,0,0,2,"
        Heavyweight","
        
        

        KO/TKO

      ","
        Punches
      ","

        4
      ","

        
        4:09
      ",Scrapy/1.6.0 (+https://scrapy.org)
"
              Nate Diaz
            ","
              Anthony Pettis
            ",114,69,1,0,0,1,4,0,"
        Welterweight","
        
        

        U-DEC

      ","
        
      ","

        3
      ","

        
        5:00
      ",Scrapy/1.6.0 (+https://scrapy.org)
"
              Paulo Costa
            ","
              Yoel Romero
            ",118,125,0,1,0,0,0,0,"
        Middleweight","
        
        

        U-DEC

      ","
        
      ","

        3
      ","

        
        5:00
      ",Scrapy/1.6.0 (+https://scrapy.org)
"
              Sodiq Yusuff
            ","
              Gabriel Benitez
            ",34,24,0,0,0,0,0,0,"
        Featherweight","
        
        

        KO/TKO

      ","
        Punch
      ","

        1
      ","

        
        4:14
      ",Scrapy/1.6.0 (+https://scrapy.org)
"
              Derek Brunson
            ","
              Ian Heinisch
            ",81,58,2,0,0,0,1,0,"
        Middleweight","
        
        

        U-DEC

      ","
        
      ","

        3
      ","

        
        5:00
      ",Scrapy/1.6.0 (+https://scrapy.org)
"
              Karl Roberson
            ","
              Roman Kopylov
            ",43,37,1,0,1,0,1,0,"
        Middleweight","
        
        

        SUB

      ","
        Rear Naked Choke
      ","

        3
      ","

        
        4:01
      ",Scrapy/1.6.0 (+https://scrapy.org)
"
              David Zawada
            ","
              Abubakar Nurmagomedov
            ",2,4,0,1,2,0,0,1,"
        Welterweight","
        
        

        SUB

      ","
        Triangle Choke
      ","

        1
      ","

        
        2:50
      ",Scrapy/1.6.0 (+https://scrapy.org)
"
              Roosevelt Roberts
            ","
              Alexander Yakovlev
            ",28,20,0,3,0,0,3,1,"
        Lightweight","
        
        

        U-DEC

      ","
        
      ","

        3
      ","

        
        5:00
      ",Scrapy/1.6.0 (+https://scrapy.org)
"
              Pannie Kianzad
            ","
              Jessica-Rose Clark
            ",98,65,0,0,0,0,0,0,"
        Women's Bantamweight","
        
        

        U-DEC

      ","
        
      ","

        3
      ","

        
        5:00
      ",Scrapy/1.6.0 (+https://scrapy.org)
"
              Davey Grant
            ","
              Grigorii Popov
            ",30,35,6,0,0,0,2,1,"
        Bantamweight","
        
        

        S-DEC

      ","
        
      ","

        3
      ","

        
        5:00
      ",Scrapy/1.6.0 (+https://scrapy.org)
"
              Weili Zhang
            ","
              Jessica Andrade
            ",29,4,0,0,0,0,0,0,"
        Women's Strawweight","
        
        

        KO/TKO

      ","
        Punch
      ","

        1
      ","

        
        0:42
      ",Scrapy/1.6.0 (+https://scrapy.org)
"
              Jingliang Li
            ","
              Elizeu Zaleski dos Santos
            ",59,54,2,0,0,0,0,0,"
        Welterweight","
        
        

        KO/TKO

      ","
        Punches
      ","

        3
      ","

        
        4:51
      ",Scrapy/1.6.0 (+https://scrapy.org)
"
              Khabib Nurmagomedov
            ","
              Dustin Poirier
            ",22,12,7,0,2,1,5,0,"
        Lightweight","
        
        

        SUB

      ","
        Rear Naked Choke
      ","

        3
      ","

        
        2:06
      ",Scrapy/1.6.0 (+https://scrapy.org)
"
              Paul Felder
            ","
              Edson Barboza
            ",56,60,0,1,0,0,0,0,"
        Lightweight","
        
        

        S-DEC

      ","
        
      ","

        3
      ","

        
        5:00
      ",Scrapy/1.6.0 (+https://scrapy.org)
"
              Islam Makhachev
            ","
              Davi Ramos
            ",43,7,0,0,0,0,0,0,"
        Lightweight","
        
        

        U-DEC

      ","
        
      ","

        3
      ","

        
        5:00
      ",Scrapy/1.6.0 (+https://scrapy.org)
"
              Curtis Blaydes
            ","
              Shamil Abdurakhimov
            ",25,3,5,0,0,0,3,0,"
        Heavyweight","
        
        

        KO/TKO

      ","
        Elbow
      ","

        2
      ","

        
        2:22
      ",Scrapy/1.6.0 (+https://scrapy.org)
"
              Diego Ferreira
            ","
              Mairbek Taisumov
            ",109,51,0,0,0,0,0,0,"
        Lightweight","
        
        

        U-DEC

      ","
        
      ","

        3
      ","

        
        5:00
      ",Scrapy/1.6.0 (+https://scrapy.org)
"
              Joanne Calderwood
            ","
              Andrea Lee
            ",101,61,2,3,0,0,1,2,"
        Women's Flyweight","
        
        

        S-DEC

      ","
        
      ","

        3
      ","

        
        5:00
      ",Scrapy/1.6.0 (+https://scrapy.org)
"
              Zubaira Tukhugov
            ","
              Lerone Murphy
            ",22,28,6,0,0,2,2,1,"
        Featherweight","
        
        

        S-DEC

      ","
        
      ","

        3
      ","

        
        5:00
      ",Scrapy/1.6.0 (+https://scrapy.org)
"
              Justin Gaethje
            ","
              Donald Cerrone
            ",40,17,0,0,0,0,0,0,"
        Lightweight","
        
        

        KO/TKO

      ","
        Punch
      ","

        1
      ","

        
        4:18
      ",Scrapy/1.6.0 (+https://scrapy.org)
"
              Glover Teixeira
            ","
              Nikita Krylov
            ",43,47,1,2,2,1,4,5,"
        Light Heavyweight","
        
        

        S-DEC

      ","
        
      ","

        3
      ","

        
        5:00
      ",Scrapy/1.6.0 (+https://scrapy.org)
"
              Todd Duffee
            ","
              Jeff Hughes
            ",30,16,1,0,0,0,0,0,"
        Heavyweight","
        
        

        CNC

      ","
        
      ","

        1
      ","

        
        4:03
      ",Scrapy/1.6.0 (+https://scrapy.org)
"
              Tristan Connelly
            ","
              Michel Pereira
            ",64,32,0,2,1,0,3,0,"
        Welterweight","
        
        

        U-DEC

      ","
        
      ","

        3
      ","

        
        5:00
      ",Scrapy/1.6.0 (+https://scrapy.org)
"
              Uriah Hall
            ","
              Antonio Carlos Junior
            ",34,22,0,3,0,0,1,2,"
        Middleweight","
        
        

        S-DEC

      ","
        
      ","

        3
      ","

        
        5:00
      ",Scrapy/1.6.0 (+https://scrapy.org)
"
              Misha Cirkunov
            ","
              Jimmy Crute
            ",6,21,1,0,1,0,4,0,"
        Light Heavyweight","
        
        

        SUB

      ","
        Peruvian Necktie
      ","

        1
      ","

        
        3:38
      ",Scrapy/1.6.0 (+https://scrapy.org)
"
              Augusto Sakai
            ","
              Marcin Tybura
            ",15,6,0,0,0,0,0,0,"
        Heavyweight","
        
        

        KO/TKO

      ","
        Punches
      ","

        1
      ","

        
        0:59
      ",Scrapy/1.6.0 (+https://scrapy.org)
"
              Yair Rodriguez
            ","
              Jeremy Stephens
            ",2,0,0,0,0,0,0,0,"
        Featherweight","
        
        

        CNC

      ","
        
      ","

        1
      ","

        
        0:15
      ",Scrapy/1.6.0 (+https://scrapy.org)
"
              Carla Esparza
            ","
              Alexa Grasso
            ",44,45,4,0,0,1,1,0,"
        Women's Strawweight","
        
        

        M-DEC

      ","
        
      ","

        3
      ","

        
        5:00
      ",Scrapy/1.6.0 (+https://scrapy.org)
"
              Brandon Moreno
            ","
              Askar Askarov
            ",34,30,1,4,0,0,1,4,"
        Flyweight","
        
        

        S-DEC

      ","
        
      ","

        3
      ","

        
        5:00
      ",Scrapy/1.6.0 (+https://scrapy.org)
"
              Irene Aldana
            ","
              Vanessa Melo
            ",125,68,0,0,0,0,0,0,"
        Women's Bantamweight","
        
        

        U-DEC

      ","
        
      ","

        3
      ","

        
        5:00
      ",Scrapy/1.6.0 (+https://scrapy.org)
"
              Steven Peterson
            ","
              Martin Bravo
            ",49,86,0,2,0,0,0,0,"
        Featherweight","
        
        

        KO/TKO

      ","
        Spinning Back Fist
      ","

        2
      ","

        
        1:31
      ",Scrapy/1.6.0 (+https://scrapy.org)
"
              Jose Quinonez
            ","
              Carlos Huachin
            ",60,32,2,0,0,0,2,0,"
        Bantamweight","
        
        

        U-DEC

      ","
        
      ","

        3
      ","

        
        5:00
      ",Scrapy/1.6.0 (+https://scrapy.org)
"
              Jared Cannonier
            ","
              Jack Hermansson
            ",28,20,0,1,0,0,1,1,"
        Middleweight","
        
        

        KO/TKO

      ","
        Punch
      ","

        2
      ","

        
        0:27
      ",Scrapy/1.6.0 (+https://scrapy.org)
"
              Mark Madsen
            ","
              Danilo Belluardo
            ",22,0,1,0,0,0,1,0,"
        Lightweight","
        
        

        KO/TKO

      ","
        Punches
      ","

        1
      ","

        
        1:12
      ",Scrapy/1.6.0 (+https://scrapy.org)
"
              Gilbert Burns
            ","
              Gunnar Nelson
            ",30,20,1,0,1,0,1,0,"
        Welterweight","
        
        

        U-DEC

      ","
        
      ","

        3
      ","

        
        5:00
      ",Scrapy/1.6.0 (+https://scrapy.org)
"
              Ion Cutelaba
            ","
              Khalil Rountree Jr.
            ",15,5,4,0,0,0,1,0,"
        Light Heavyweight","
        
        

        KO/TKO

      ","
        Elbows
      ","

        1
      ","

        
        2:35
      ",Scrapy/1.6.0 (+https://scrapy.org)
"
              Ovince Saint Preux
            ","
              Michal Oleksiejczuk
            ",14,37,1,0,1,0,2,0,"
        Light Heavyweight","
        
        

        SUB

      ","
        Other - Choke
      ","

        2
      ","

        
        2:46
      ",Scrapy/1.6.0 (+https://scrapy.org)
"
              Nicolas Dalby
            ","
              Alex Oliveira
            ",31,18,1,3,0,0,4,1,"
        Welterweight","
        
        

        U-DEC

      ","
        
      ","

        3
      ","

        
        5:00
      ",Scrapy/1.6.0 (+https://scrapy.org)
"
              John Phillips
            ","
              Alen Amedovski
            ",5,2,0,0,0,0,0,0,"
        Middleweight","
        
        

        KO/TKO

      ","
        Punch
      ","

        1
      ","

        
        0:17
      ",Scrapy/1.6.0 (+https://scrapy.org)
"
              Makhmud Muradov
            ","
              Alessio Di Chirico
            ",54,36,0,0,0,0,0,0,"
        Middleweight","
        
        

        U-DEC

      ","
        
      ","

        3
      ","

        
        5:00
      ",Scrapy/1.6.0 (+https://scrapy.org)
"
              Wellington Turman
            ","
              Markus Perez
            ",48,49,2,0,0,0,1,0,"
        Middleweight","
        
        

        U-DEC

      ","
        
      ","

        3
      ","

        
        5:00
      ",Scrapy/1.6.0 (+https://scrapy.org)
"
              James Krause
            ","
              Sergio Moraes
            ",102,41,0,1,0,0,1,1,"
        Welterweight","
        
        

        KO/TKO

      ","
        Punch
      ","

        3
      ","

        
        4:19
      ",Scrapy/1.6.0 (+https://scrapy.org)
"
              Ricardo Ramos
            ","
              Eduardo Garagorri
            ",10,6,2,0,1,0,1,0,"
        Featherweight","
        
        

        SUB

      ","
        Rear Naked Choke
      ","

        1
      ","

        
        3:57
      ",Scrapy/1.6.0 (+https://scrapy.org)
"
              Francisco Trinaldo
            ","
              Bobby Green
            ",31,50,1,2,1,0,0,4,"
        Lightweight","
        
        

        U-DEC

      ","
        
      ","

        3
      ","

        
        5:00
      ",Scrapy/1.6.0 (+https://scrapy.org)
"
              Randy Brown
            ","
              Warlley Alves
            ",16,3,1,3,1,2,1,3,"
        Welterweight","
        
        

        SUB

      ","
        Triangle Choke
      ","

        2
      ","

        
        1:22
      ",Scrapy/1.6.0 (+https://scrapy.org)
"
              Douglas Silva de Andrade
            ","
              Renan Barao
            ",74,58,0,2,0,0,0,1,"
        Featherweight","
        
        

        U-DEC

      ","
        
      ","

        3
      ","

        
        5:00
      ",Scrapy/1.6.0 (+https://scrapy.org)
"
              Ariane Lipski
            ","
              Isabela de Padua
            ",31,15,0,2,1,1,2,0,"
        Women's Flyweight","
        
        

        U-DEC

      ","
        
      ","

        3
      ","

        
        5:00
      ",Scrapy/1.6.0 (+https://scrapy.org)
"
              Tracy Cortez
            ","
              Vanessa Melo
            ",79,40,2,0,0,0,1,0,"
        Women's Bantamweight","
        
        

        U-DEC

      ","
        
      ","

        3
      ","

        
        5:00
      ",Scrapy/1.6.0 (+https://scrapy.org)
"
              Billy Quarantillo
            ","
              Jacob Kilburn
            ",74,3,1,0,5,0,9,0,"
        Featherweight","
        
        

        SUB

      ","
        Triangle Choke
      ","

        2
      ","

        
        3:18
      ",Scrapy/1.6.0 (+https://scrapy.org)
"
              Bryce Mitchell
            ","
              Matt Sayles
            ",6,2,1,0,1,0,5,0,"
        Featherweight","
        
        

        SUB

      ","
        Other
      ","

        1
      ","

        
        4:20
      ",Scrapy/1.6.0 (+https://scrapy.org)
"
              Joe Solecki
            ","
              Matt Wiman
            ",56,10,4,0,0,0,6,0,"
        Lightweight","
        
        

        U-DEC

      ","
        
      ","

        3
      ","

        
        5:00
      ",Scrapy/1.6.0 (+https://scrapy.org)
"
              Virna Jandiroba
            ","
              Mallory Martin
            ",7,9,3,0,3,0,5,0,"
        Women's Strawweight","
        
        

        SUB

      ","
        Rear Naked Choke
      ","

        2
      ","

        
        1:16
      ",Scrapy/1.6.0 (+https://scrapy.org)
"
              Makhmud Muradov
            ","
              Trevor Smith
            ",91,39,1,0,1,0,1,0,"
        Middleweight","
        
        

        KO/TKO

      ","
        Punch
      ","

        3
      ","

        
        4:09
      ",Scrapy/1.6.0 (+https://scrapy.org)
"
              Irene Aldana
            ","
              Ketlen Vieira
            ",26,20,0,0,0,0,0,0,"
        Women's Bantamweight","
        
        

        KO/TKO

      ","
        Punch
      ","

        1
      ","

        
        4:51
      ",Scrapy/1.6.0 (+https://scrapy.org)
"
              Omari Akhmedov
            ","
              Ian Heinisch
            ",55,53,2,3,0,0,1,0,"
        Middleweight","
        
        

        U-DEC

      ","
        
      ","

        3
      ","

        
        5:00
      ",Scrapy/1.6.0 (+https://scrapy.org)
"
              Matt Brown
            ","
              Ben Saunders
            ",30,12,2,0,0,4,3,0,"
        Welterweight","
        
        

        KO/TKO

      ","
        Punches
      ","

        2
      ","

        
        4:55
      ",Scrapy/1.6.0 (+https://scrapy.org)
"
              Chase Hooper
            ","
              Daniel Teymur
            ",20,2,1,0,2,1,2,0,"
        Featherweight","
        
        

        KO/TKO

      ","
        Elbows
      ","

        1
      ","

        
        4:34
      ",Scrapy/1.6.0 (+https://scrapy.org)
"
              Brandon Moreno
            ","
              Kai Kara-France
            ",91,82,0,0,0,0,0,0,"
        Flyweight","
        
        

        U-DEC

      ","
        
      ","

        3
      ","

        
        5:00
      ",Scrapy/1.6.0 (+https://scrapy.org)
"
              Ciryl Gane
            ","
              Tanner Boser
            ",65,32,0,0,0,0,0,0,"
        Heavyweight","
        
        

        U-DEC

      ","
        
      ","

        3
      ","

        
        5:00
      ",Scrapy/1.6.0 (+https://scrapy.org)
"
              SeungWoo Choi
            ","
              Suman Mokhtarian
            ",95,33,0,0,0,0,2,0,"
        Featherweight","
        
        

        U-DEC

      ","
        
      ","

        3
      ","

        
        5:00
      ",Scrapy/1.6.0 (+https://scrapy.org)
"
              Omar Morales
            ","
              Dong Hyun Ma
            ",32,15,1,0,0,0,3,0,"
        Lightweight","
        
        

        U-DEC

      ","
        
      ","

        3
      ","

        
        5:00
      ",Scrapy/1.6.0 (+https://scrapy.org)
"
              Alexandre Pantoja
            ","
              Matt Schnell
            ",34,20,1,0,0,0,1,0,"
        Flyweight","
        
        

        KO/TKO

      ","
        Punch
      ","

        1
      ","

        
        4:17
      ",Scrapy/1.6.0 (+https://scrapy.org)
"
              Raoni Barcelos
            ","
              Said Nurmagomedov
            ",42,55,2,0,0,0,4,0,"
        Bantamweight","
        
        

        U-DEC

      ","
        
      ","

        3
      ","

        
        5:00
      ",Scrapy/1.6.0 (+https://scrapy.org)
"
              Amanda Lemos
            ","
              Miranda Granger
            ",8,4,1,0,1,0,1,0,"
        Women's Strawweight","
        
        

        SUB

      ","
        Rear Naked Choke
      ","

        1
      ","

        
        3:43
      ",Scrapy/1.6.0 (+https://scrapy.org)
"
              Heili Alateng
            ","
              Ryan Benoit
            ",47,68,4,0,0,0,0,0,"
        Bantamweight","
        
        

        S-DEC

      ","
        
      ","

        3
      ","

        
        5:00
      ",Scrapy/1.6.0 (+https://scrapy.org)
"
              Aleksa Camur
            ","
              Justin Ledet
            ",80,44,1,0,0,0,0,0,"
        Light Heavyweight","
        
        

        U-DEC

      ","
        
      ","

        3
      ","

        
        5:00
      ",Scrapy/1.6.0 (+https://scrapy.org)
"
              Sabina Mazo
            ","
              JJ Aldrich
            ",118,58,0,0,0,0,0,0,"
        Women's Flyweight","
        
        

        S-DEC

      ","
        
      ","

        3
      ","

        
        5:00
      ",Scrapy/1.6.0 (+https://scrapy.org)
"
              Montel Jackson
            ","
              Felipe Colares
            ",75,7,11,1,0,3,3,1,"
        Bantamweight","
        
        

        U-DEC

      ","
        
      ","

        3
      ","

        
        5:00
      ",Scrapy/1.6.0 (+https://scrapy.org)
"
              Sara McMann
            ","
              Lina Lansberg
            ",38,1,3,0,1,0,7,0,"
        Women's Bantamweight","
        
        

        U-DEC

      ","
        
      ","

        3
      ","

        
        5:00
      ",Scrapy/1.6.0 (+https://scrapy.org)
"
              Brett Johns
            ","
              Tony Gravely
            ",36,26,6,5,3,0,4,2,"
        Bantamweight","
        
        

        SUB

      ","
        Rear Naked Choke
      ","

        3
      ","

        
        2:53
      ",Scrapy/1.6.0 (+https://scrapy.org)
"
              Herbert Burns
            ","
              Nate Landwehr
            ",7,4,1,0,1,0,0,0,"
        Featherweight","
        
        

        KO/TKO

      ","
        Knee
      ","

        1
      ","

        
        2:43
      ",Scrapy/1.6.0 (+https://scrapy.org)
"
              Journey Newson
            ","
              Domingo Pilarte
            ",6,1,0,0,0,0,0,0,"
        Bantamweight","
        
        

        KO/TKO

      ","
        Punch
      ","

        1
      ","

        
        0:38
      ",Scrapy/1.6.0 (+https://scrapy.org)
"
              Andre Ewell
            ","
              Jonathan Martinez
            ",80,66,0,0,0,0,0,0,"
        Bantamweight","
        
        

        S-DEC

      ","
        
      ","

        3
      ","

        
        5:00
      ",Scrapy/1.6.0 (+https://scrapy.org)
"
              Youssef Zalal
            ","
              Austin Lingo
            ",31,12,6,1,2,0,2,1,"
        Featherweight","
        
        

        U-DEC

      ","
        
      ","

        3
      ","

        
        5:00
      ",Scrapy/1.6.0 (+https://scrapy.org)
"
              Scott Holtzman
            ","
              Jim Miller
            ",88,58,1,0,0,0,1,0,"
        Lightweight","
        
        

        U-DEC

      ","
        
      ","

        3
      ","

        
        5:00
      ",Scrapy/1.6.0 (+https://scrapy.org)
"
              Devin Clark
            ","
              Dequan Townsend
            ",39,6,3,0,0,0,3,0,"
        Light Heavyweight","
        
        

        U-DEC

      ","
        
      ","

        3
      ","

        
        5:00
      ",Scrapy/1.6.0 (+https://scrapy.org)
"
              Merab Dvalishvili
            ","
              Casey Kenney
            ",63,45,12,0,0,0,3,0,"
        Bantamweight","
        
        

        U-DEC

      ","
        
      ","

        3
      ","

        
        5:00
      ",Scrapy/1.6.0 (+https://scrapy.org)
"
              Macy Chiasson
            ","
              Shanna Young
            ",86,40,3,0,0,0,4,1,"
        Women's Bantamweight","
        
        

        U-DEC

      ","
        
      ","

        3
      ","

        
        5:00
      ",Scrapy/1.6.0 (+https://scrapy.org)
"
              Raulian Paiva
            ","
              Mark De La Rosa
            ",54,45,0,0,0,0,0,0,"
        Flyweight","
        
        

        KO/TKO

      ","
        Punch
      ","

        2
      ","

        
        4:42
      ",Scrapy/1.6.0 (+https://scrapy.org)
"
              Jalin Turner
            ","
              Josh Culibao
            ",55,12,0,0,3,0,4,0,"
        Lightweight","
        
        

        KO/TKO

      ","
        Punches
      ","

        2
      ","

        
        3:01
      ",Scrapy/1.6.0 (+https://scrapy.org)
"
              Jake Matthews
            ","
              Emil Meek
            ",33,50,4,0,0,0,3,0,"
        Welterweight","
        
        

        U-DEC

      ","
        
      ","

        3
      ","

        
        5:00
      ",Scrapy/1.6.0 (+https://scrapy.org)
"
              Kenan Song
            ","
              Callan Potter
            ",17,7,0,1,0,0,0,1,"
        Welterweight","
        
        

        KO/TKO

      ","
        Punch
      ","

        1
      ","

        
        2:20
      ",Scrapy/1.6.0 (+https://scrapy.org)
"
              Kai Kara-France
            ","
              Tyson Nam
            ",78,50,0,0,0,0,0,0,"
        Flyweight","
        
        

        U-DEC

      ","
        
      ","

        3
      ","

        
        5:00
      ",Scrapy/1.6.0 (+https://scrapy.org)
"
              Angela Hill
            ","
              Loma Lookboonmee
            ",48,53,1,1,1,0,1,0,"
        Women's Strawweight","
        
        

        U-DEC

      ","
        
      ","

        3
      ","

        
        5:00
      ",Scrapy/1.6.0 (+https://scrapy.org)
"
              Priscila Cachoeira
            ","
              Shana Dobson
            ",8,5,0,0,0,0,0,0,"
        Women's Flyweight","
        
        

        KO/TKO

      ","
        Punch
      ","

        1
      ","

        
        0:40
      ",Scrapy/1.6.0 (+https://scrapy.org)
"
              Luis Pena
            ","
              Steve Garcia
            ",27,21,0,1,1,1,3,0,"
        Lightweight","
        
        

        U-DEC

      ","
        
      ","

        3
      ","

        
        5:00
      ",Scrapy/1.6.0 (+https://scrapy.org)
"
              Jordan Griffin
            ","
              TJ Brown
            ",15,32,0,7,3,0,0,4,"
        Featherweight","
        
        

        SUB

      ","
        Guillotine Choke
      ","

        2
      ","

        
        3:38
      ",Scrapy/1.6.0 (+https://scrapy.org)
"
              Spike Carlyle
            ","
              Aalon Cruz
            ",20,2,0,0,0,0,1,0,"
        Featherweight","
        
        

        KO/TKO

      ","
        Punches
      ","

        1
      ","

        
        1:25
      ",Scrapy/1.6.0 (+https://scrapy.org)
"
              Sean Brady
            ","
              Ismail Naurdiev
            ",47,37,4,0,1,0,6,0,"
        Welterweight","
        
        

        U-DEC

      ","
        
      ","

        3
      ","

        
        5:00
      ",Scrapy/1.6.0 (+https://scrapy.org)
"
              Gerald Meerschaert
            ","
              Deron Winn
            ",86,53,1,1,1,0,1,0,"
        Middleweight","
        
        

        SUB

      ","
        Rear Naked Choke
      ","

        3
      ","

        
        2:13
      ",Scrapy/1.6.0 (+https://scrapy.org)
"
              Giga Chikadze
            ","
              Jamall Emmers
            ",38,54,0,2,0,0,0,1,"
        Featherweight","
        
        

        S-DEC

      ","
        
      ","

        3
      ","

        
        5:00
      ",Scrapy/1.6.0 (+https://scrapy.org)
"
              Danaa Batgerel
            ","
              Guido Cannetti
            ",17,11,0,0,0,0,0,0,"
        Bantamweight","
        
        

        KO/TKO

      ","
        Punch
      ","

        1
      ","

        
        3:01
      ",Scrapy/1.6.0 (+https://scrapy.org)
"
              Amanda Ribas
            ","
              Randa Markos
            ",85,36,1,1,2,0,4,0,"
        Women's Strawweight","
        
        

        U-DEC

      ","
        
      ","

        3
      ","

        
        5:00
      ",Scrapy/1.6.0 (+https://scrapy.org)
"
              Elizeu Zaleski dos Santos
            ","
              Aleksei Kunchenko
            ",62,57,2,0,0,0,0,0,"
        Welterweight","
        
        

        U-DEC

      ","
        
      ","

        3
      ","

        
        5:00
      ",Scrapy/1.6.0 (+https://scrapy.org)
"
              Rani Yahya
            ","
              Enrique Barzola
            ",24,57,2,1,0,1,3,5,"
        Bantamweight","
        
        

        M-DEC

      ","
        
      ","

        3
      ","

        
        5:00
      ",Scrapy/1.6.0 (+https://scrapy.org)
"
              Maryna Moroz
            ","
              Mayra Bueno Silva
            ",139,88,2,0,0,0,1,0,"
        Women's Flyweight","
        
        

        U-DEC

      ","
        
      ","

        3
      ","

        
        5:00
      ",Scrapy/1.6.0 (+https://scrapy.org)
"
              David Dvorak
            ","
              Bruno Silva
            ",67,45,0,3,0,0,1,2,"
        Flyweight","
        
        

        U-DEC

      ","
        
      ","

        3
      ","

        
        5:00
      ",Scrapy/1.6.0 (+https://scrapy.org)
"
              Khama Worthy
            ","
              Devonte Smith
            ",21,15,0,0,0,0,0,0,"
        Lightweight","
        
        

        KO/TKO

      ","
        Punch
      ","

        1
      ","

        
        4:15
      ",Scrapy/1.6.0 (+https://scrapy.org)
"
              Cory Sandhagen
            ","
              Raphael Assuncao
            ",62,45,0,4,0,0,0,0,"
        Bantamweight","
        
        

        U-DEC

      ","
        
      ","

        3
      ","

        
        5:00
      ",Scrapy/1.6.0 (+https://scrapy.org)
"
              Drakkar Klose
            ","
              Christos Giagos
            ",99,87,2,2,0,1,2,2,"
        Lightweight","
        
        

        U-DEC

      ","
        
      ","

        3
      ","

        
        5:00
      ",Scrapy/1.6.0 (+https://scrapy.org)
"
              Casey Kenney
            ","
              Manny Bermudez
            ",43,37,2,3,1,0,7,6,"
        Catch Weight","
        
        

        U-DEC

      ","
        
      ","

        3
      ","

        
        5:00
      ",Scrapy/1.6.0 (+https://scrapy.org)
"
              Hannah Cifers
            ","
              Jodie Esquibel
            ",70,43,1,3,1,0,0,0,"
        Women's Strawweight","
        
        

        U-DEC

      ","
        
      ","

        3
      ","

        
        5:00
      ",Scrapy/1.6.0 (+https://scrapy.org)
"
              Kyung Ho Kang
            ","
              Brandon Davis
            ",50,77,3,1,0,0,3,0,"
        Bantamweight","
        
        

        S-DEC

      ","
        
      ","

        3
      ","

        
        5:00
      ",Scrapy/1.6.0 (+https://scrapy.org)
"
              Sabina Mazo
            ","
              Shana Dobson
            ",108,33,4,0,0,0,3,0,"
        Women's Flyweight","
        
        

        U-DEC

      ","
        
      ","

        3
      ","

        
        5:00
      ",Scrapy/1.6.0 (+https://scrapy.org)
"
              Kai Kara-France
            ","
              Mark De La Rosa
            ",91,60,1,1,0,0,0,0,"
        Flyweight","
        
        

        U-DEC

      ","
        
      ","

        3
      ","

        
        5:00
      ",Scrapy/1.6.0 (+https://scrapy.org)
"
              Kenan Song
            ","
              Derrick Krantz
            ",58,33,0,3,0,1,0,3,"
        Welterweight","
        
        

        U-DEC

      ","
        
      ","

        3
      ","

        
        5:00
      ",Scrapy/1.6.0 (+https://scrapy.org)
"
              Mizuki Inoue
            ","
              Yanan Wu
            ",93,123,0,0,0,0,0,0,"
        Women's Flyweight","
        
        

        S-DEC

      ","
        
      ","

        3
      ","

        
        5:00
      ",Scrapy/1.6.0 (+https://scrapy.org)
"
              Anthony Hernandez
            ","
              Junyong Park
            ",59,81,6,0,1,0,1,0,"
        Middleweight","
        
        

        SUB

      ","
        Anaconda Choke
      ","

        2
      ","

        
        4:39
      ",Scrapy/1.6.0 (+https://scrapy.org)
"
              Sarah Moras
            ","
              Liana Jojua
            ",44,19,0,2,1,0,1,0,"
        Women's Bantamweight","
        
        

        KO/TKO

      ","
        Elbows
      ","

        3
      ","

        
        2:26
      ",Scrapy/1.6.0 (+https://scrapy.org)
"
              Ottman Azaitar
            ","
              Teemu Packalen
            ",27,8,0,0,0,0,0,0,"
        Lightweight","
        
        

        KO/TKO

      ","
        Punch
      ","

        1
      ","

        
        3:33
      ",Scrapy/1.6.0 (+https://scrapy.org)
"
              Belal Muhammad
            ","
              Takashi Sato
            ",49,29,2,1,1,0,2,1,"
        Welterweight","
        
        

        SUB

      ","
        Rear Naked Choke
      ","

        3
      ","

        
        1:55
      ",Scrapy/1.6.0 (+https://scrapy.org)
"
              Muslim Salikhov
            ","
              Nordine Taleb
            ",10,6,0,0,0,0,0,0,"
        Welterweight","
        
        

        KO/TKO

      ","
        Punch
      ","

        1
      ","

        
        4:26
      ",Scrapy/1.6.0 (+https://scrapy.org)
"
              Omari Akhmedov
            ","
              Zak Cummings
            ",26,17,2,0,0,0,3,0,"
        Middleweight","
        
        

        U-DEC

      ","
        
      ","

        3
      ","

        
        5:00
      ",Scrapy/1.6.0 (+https://scrapy.org)
"
              Don Madge
            ","
              Fares Ziam
            ",21,10,3,0,0,0,2,0,"
        Lightweight","
        
        

        U-DEC

      ","
        
      ","

        3
      ","

        
        5:00
      ",Scrapy/1.6.0 (+https://scrapy.org)
"
              Miles Johns
            ","
              Cole Smith
            ",31,11,1,1,0,0,2,2,"
        Bantamweight","
        
        

        S-DEC

      ","
        
      ","

        3
      ","

        
        5:00
      ",Scrapy/1.6.0 (+https://scrapy.org)
"
              Hunter Azure
            ","
              Brad Katona
            ",41,21,0,3,0,0,1,1,"
        Bantamweight","
        
        

        U-DEC

      ","
        
      ","

        3
      ","

        
        5:00
      ",Scrapy/1.6.0 (+https://scrapy.org)
"
              Chas Skelly
            ","
              Jordan Griffin
            ",21,37,1,1,3,2,3,3,"
        Featherweight","
        
        

        U-DEC

      ","
        
      ","

        3
      ","

        
        5:00
      ",Scrapy/1.6.0 (+https://scrapy.org)
"
              Louis Smolka
            ","
              Ryan MacDonald
            ",59,30,0,0,0,0,0,0,"
        Bantamweight","
        
        

        KO/TKO

      ","
        Punch
      ","

        1
      ","

        
        4:43
      ",Scrapy/1.6.0 (+https://scrapy.org)
"
              Kyle Nelson
            ","
              Polo Reyes
            ",12,6,0,0,0,0,0,0,"
        Featherweight","
        
        

        KO/TKO

      ","
        Punch
      ","

        1
      ","

        
        1:36
      ",Scrapy/1.6.0 (+https://scrapy.org)
"
              Angela Hill
            ","
              Ariane Carnelossi
            ",92,72,0,0,0,0,0,0,"
        Women's Strawweight","
        
        

        KO/TKO

      ","
        Elbow
      ","

        3
      ","

        
        1:56
      ",Scrapy/1.6.0 (+https://scrapy.org)
"
              Sergio Pettis
            ","
              Tyson Nam
            ",96,40,0,0,0,0,0,0,"
        Flyweight","
        
        

        U-DEC

      ","
        
      ","

        3
      ","

        
        5:00
      ",Scrapy/1.6.0 (+https://scrapy.org)
"
              Paul Craig
            ","
              Vinicius Moreira
            ",18,1,1,0,1,0,1,0,"
        Light Heavyweight","
        
        

        SUB

      ","
        Rear Naked Choke
      ","

        1
      ","

        
        3:19
      ",Scrapy/1.6.0 (+https://scrapy.org)
"
              Bethe Correia
            ","
              Sijara Eubanks
            ",59,77,0,1,0,0,0,1,"
        Women's Bantamweight","
        
        

        U-DEC

      ","
        
      ","

        3
      ","

        
        5:00
      ",Scrapy/1.6.0 (+https://scrapy.org)
"
              Claudio Puelles
            ","
              Marcos Mariano
            ",22,2,4,0,2,0,7,0,"
        Lightweight","
        
        

        U-DEC

      ","
        
      ","

        3
      ","

        
        5:00
      ",Scrapy/1.6.0 (+https://scrapy.org)
"
              Ismail Naurdiev
            ","
              Siyar Bahadurzada
            ",69,12,3,0,0,0,3,0,"
        Welterweight","
        
        

        U-DEC

      ","
        
      ","

        3
      ","

        
        5:00
      ",Scrapy/1.6.0 (+https://scrapy.org)
"
              Giga Chikadze
            ","
              Brandon Davis
            ",59,34,1,3,0,0,1,4,"
        Featherweight","
        
        

        S-DEC

      ","
        
      ","

        3
      ","

        
        5:00
      ",Scrapy/1.6.0 (+https://scrapy.org)
"
              Lina Lansberg
            ","
              Macy Chiasson
            ",21,26,2,0,0,0,3,0,"
        Women's Bantamweight","
        
        

        U-DEC

      ","
        
      ","

        3
      ","

        
        5:00
      ",Scrapy/1.6.0 (+https://scrapy.org)
"
              Marc Diakiese
            ","
              Lando Vannata
            ",40,25,4,0,0,0,1,0,"
        Lightweight","
        
        

        U-DEC

      ","
        
      ","

        3
      ","

        
        5:00
      ",Scrapy/1.6.0 (+https://scrapy.org)
"
              Jessica Eye
            ","
              Viviane Araujo
            ",98,56,0,2,0,0,0,2,"
        Women's Flyweight","
        
        

        U-DEC

      ","
        
      ","

        3
      ","

        
        5:00
      ",Scrapy/1.6.0 (+https://scrapy.org)
"
              Punahele Soriano
            ","
              Oskar Piechota
            ",26,8,1,0,0,0,2,0,"
        Middleweight","
        
        

        KO/TKO

      ","
        Punch
      ","

        1
      ","

        
        3:17
      ",Scrapy/1.6.0 (+https://scrapy.org)
"
              Bea Malecki
            ","
              Veronica Macedo
            ",130,93,0,0,0,0,2,0,"
        Women's Bantamweight","
        
        

        U-DEC

      ","
        
      ","

        3
      ","

        
        5:00
      ",Scrapy/1.6.0 (+https://scrapy.org)
"
              Su Mudaerji
            ","
              Andre Soukhamthath
            ",93,23,1,0,0,0,3,0,"
        Bantamweight","
        
        

        U-DEC

      ","
        
      ","

        3
      ","

        
        5:00
      ",Scrapy/1.6.0 (+https://scrapy.org)
"
              Da-Un Jung
            ","
              Khadis Ibragimov
            ",81,88,0,1,1,0,0,1,"
        Light Heavyweight","
        
        

        SUB

      ","
        Guillotine Choke
      ","

        3
      ","

        
        1:59
      ",Scrapy/1.6.0 (+https://scrapy.org)
"
              Damir Ismagulov
            ","
              Thiago Moises
            ",71,36,0,0,0,0,0,0,"
        Lightweight","
        
        

        U-DEC

      ","
        
      ","

        3
      ","

        
        5:00
      ",Scrapy/1.6.0 (+https://scrapy.org)
"
              Heili Alateng
            ","
              Danaa Batgerel
            ",36,85,3,0,0,0,2,0,"
        Bantamweight","
        
        

        U-DEC

      ","
        
      ","

        3
      ","

        
        5:00
      ",Scrapy/1.6.0 (+https://scrapy.org)
"
              Karol Rosa
            ","
              Lara Procopio
            ",171,165,0,0,0,0,0,0,"
        Women's Bantamweight","
        
        

        S-DEC

      ","
        
      ","

        3
      ","

        
        5:00
      ",Scrapy/1.6.0 (+https://scrapy.org)
"
              Austin Hubbard
            ","
              Kyle Prepolec
            ",51,44,3,0,0,0,4,0,"
        Lightweight","
        
        

        U-DEC

      ","
        
      ","

        3
      ","

        
        5:00
      ",Scrapy/1.6.0 (+https://scrapy.org)
"
              Jack Shore
            ","
              Nohelin Hernandez
            ",46,6,4,0,1,0,11,0,"
        Bantamweight","
        
        

        SUB

      ","
        Rear Naked Choke
      ","

        3
      ","

        
        2:51
      ",Scrapy/1.6.0 (+https://scrapy.org)
